"","year","sex","st_error","hr"
"1","2016","f",0.458490276160066,1.7
"2","2016","m",2.04681926190592,4.76
"3","2017","f",0.296513068851948,1.08
"4","2017","m",0.406216143888393,1.816
"5","2018","f",1.08242152770368,4.36
"6","2018","m",2.60457937839287,9.92674649946667
